,Method,True_CATE,Est_CATE,Relative Error (%)
0,"LASSO Coefficient
Matching
",10.000000000000002,4.30670725349203,56.93292746507972
1,"LASSO Coefficient
Matching
",9.999999999999998,4.295670861914377,57.04329138085622
2,"LASSO Coefficient
Matching
",10.0,-1.244571384317426,112.44571384317426
3,"LASSO Coefficient
Matching
",10.000000000000004,9.788992780382761,2.110072196172421
4,"LASSO Coefficient
Matching
",10.0,6.375696156102599,36.24303843897401
5,"LASSO Coefficient
Matching
",10.0,2.980970658689553,70.19029341310447
6,"LASSO Coefficient
Matching
",10.0,11.627413286370412,16.274132863704125
7,"LASSO Coefficient
Matching
",10.0,3.4926559449452528,65.07344055054747
8,"LASSO Coefficient
Matching
",9.999999999999996,5.583361340264783,44.16638659735214
9,"LASSO Coefficient
Matching
",10.0,2.8172918038851678,71.82708196114834
10,"LASSO Coefficient
Matching
",10.0,2.7177854090355713,72.82214590964429
11,"LASSO Coefficient
Matching
",10.0,7.317278960263026,26.82721039736974
12,"LASSO Coefficient
Matching
",10.0,-1.776019767289331,117.7601976728933
13,"LASSO Coefficient
Matching
",10.0,2.069746124416662,79.30253875583337
14,"LASSO Coefficient
Matching
",10.0,-2.982000508033226,129.82000508033224
15,"LASSO Coefficient
Matching
",10.0,4.056228604829,59.43771395171
16,"LASSO Coefficient
Matching
",10.0,2.2726277731126396,77.2737222688736
17,"LASSO Coefficient
Matching
",10.0,7.479114601015213,25.208853989847874
18,"LASSO Coefficient
Matching
",10.0,6.19386408200412,38.0613591799588
19,"LASSO Coefficient
Matching
",10.000000000000007,4.692120969944865,53.078790300551425
20,"LASSO Coefficient
Matching
",10.0,7.445099235554103,25.549007644458964
21,"LASSO Coefficient
Matching
",10.0,7.413352035045764,25.866479649542356
22,"LASSO Coefficient
Matching
",10.0,8.971847150103873,10.281528498961272
23,"LASSO Coefficient
Matching
",10.0,3.806723140433251,61.9327685956675
24,"LASSO Coefficient
Matching
",10.0,4.592871216350808,54.07128783649192
25,"LASSO Coefficient
Matching
",10.000000000000002,9.87587738857394,1.2412261142606162
26,"LASSO Coefficient
Matching
",10.0,6.245928553172025,37.54071446827975
27,"LASSO Coefficient
Matching
",10.0,5.887396923751739,41.126030762482614
28,"LASSO Coefficient
Matching
",10.0,5.761854331934373,42.38145668065627
29,"LASSO Coefficient
Matching
",10.0,5.344479715334391,46.555202846656094
30,"LASSO Coefficient
Matching
",10.0,4.072094129733124,59.27905870266876
31,"LASSO Coefficient
Matching
",10.0,12.494159263139096,24.94159263139096
32,"LASSO Coefficient
Matching
",10.0,3.5283861911770784,64.71613808822921
33,"LASSO Coefficient
Matching
",10.0,2.0412554446873594,79.5874455531264
34,"LASSO Coefficient
Matching
",10.0,8.135136887093838,18.648631129061624
35,"LASSO Coefficient
Matching
",10.0,2.6150289991104616,73.84971000889539
36,"LASSO Coefficient
Matching
",10.0,4.095654870975488,59.043451290245116
37,"LASSO Coefficient
Matching
",10.0,7.239639419031999,27.60360580968001
38,"LASSO Coefficient
Matching
",9.999999999999998,7.3852660826125405,26.147339173874578
39,"LASSO Coefficient
Matching
",10.0,12.574873680917808,25.748736809178073
40,"LASSO Coefficient
Matching
",10.0,3.161048469087602,68.38951530912398
41,"LASSO Coefficient
Matching
",10.0,6.664779037216733,33.35220962783267
42,"LASSO Coefficient
Matching
",10.0,1.4051400561588352,85.94859943841165
43,"LASSO Coefficient
Matching
",10.0,6.815051467294854,31.849485327051465
44,"LASSO Coefficient
Matching
",10.0,3.292925588629727,67.07074411370273
45,"LASSO Coefficient
Matching
",10.0,-1.8944317994159596,118.9443179941596
46,"LASSO Coefficient
Matching
",10.000000000000002,3.280870094274742,67.19129905725259
47,"LASSO Coefficient
Matching
",10.0,4.146240176457082,58.53759823542918
48,"LASSO Coefficient
Matching
",10.0,13.431403215262499,34.31403215262499
49,"LASSO Coefficient
Matching
",10.000000000000002,5.867495149018374,41.32504850981628
50,"LASSO Coefficient
Matching
",10.0,8.000596061571759,19.99403938428241
51,"LASSO Coefficient
Matching
",10.0,-2.1405720303173705,121.40572030317371
52,"LASSO Coefficient
Matching
",10.0,8.569050686600422,14.309493133995781
53,"LASSO Coefficient
Matching
",10.0,1.1394035368450235,88.60596463154977
54,"LASSO Coefficient
Matching
",9.999999999999998,11.026798386548268,10.267983865482702
55,"LASSO Coefficient
Matching
",10.0,7.204677365194551,27.95322634805449
56,"LASSO Coefficient
Matching
",10.000000000000004,6.560741801761673,34.392581982383305
57,"LASSO Coefficient
Matching
",10.0,9.12418493428811,8.758150657118904
58,"LASSO Coefficient
Matching
",10.0,3.9289859859692253,60.71014014030774
59,"LASSO Coefficient
Matching
",10.0,7.100289025369785,28.99710974630215
60,"LASSO Coefficient
Matching
",10.0,1.8299382594571871,81.70061740542813
61,"LASSO Coefficient
Matching
",10.0,4.768834722419213,52.31165277580787
62,"LASSO Coefficient
Matching
",10.0,-0.7714218931320471,107.71421893132047
63,"LASSO Coefficient
Matching
",10.0,0.9753979942357807,90.2460200576422
64,"LASSO Coefficient
Matching
",10.0,-2.3833388173748125,123.83338817374813
65,"LASSO Coefficient
Matching
",10.0,0.6060937022069718,93.93906297793029
66,"LASSO Coefficient
Matching
",10.0,6.274117095983,37.258829040170006
67,"LASSO Coefficient
Matching
",10.0,4.40406748122655,55.9593251877345
68,"LASSO Coefficient
Matching
",10.0,4.387765122081234,56.12234877918766
69,"LASSO Coefficient
Matching
",10.0,3.8325072374365403,61.6749276256346
70,"LASSO Coefficient
Matching
",10.0,-2.7567313134068288,127.56731313406829
71,"LASSO Coefficient
Matching
",10.0,0.8213295522186085,91.78670447781391
72,"LASSO Coefficient
Matching
",10.0,-0.5667564801773756,105.66756480177375
73,"LASSO Coefficient
Matching
",10.0,7.760663161951926,22.393368380480744
74,"LASSO Coefficient
Matching
",10.0,1.7428225143355531,82.57177485664447
75,"LASSO Coefficient
Matching
",9.999999999999998,6.064381601045194,39.35618398954804
76,"LASSO Coefficient
Matching
",10.0,4.2135473548826745,57.86452645117326
77,"LASSO Coefficient
Matching
",10.0,3.101339381933651,68.98660618066349
78,"LASSO Coefficient
Matching
",10.0,4.017506528036593,59.82493471963407
79,"LASSO Coefficient
Matching
",10.0,1.3526608710932757,86.47339128906724
80,"LASSO Coefficient
Matching
",10.0,5.210323587709488,47.896764122905125
81,"LASSO Coefficient
Matching
",10.0,-0.10408039797602431,101.04080397976023
82,"LASSO Coefficient
Matching
",10.0,11.242437743366322,12.42437743366322
83,"LASSO Coefficient
Matching
",10.0,8.218118134096992,17.818818659030082
84,"LASSO Coefficient
Matching
",10.000000000000002,8.356152245131865,16.43847754868137
85,"LASSO Coefficient
Matching
",10.0,6.878944606219277,31.210553937807227
86,"LASSO Coefficient
Matching
",10.0,2.6689290539810333,73.31070946018967
87,"LASSO Coefficient
Matching
",10.0,5.265794138599108,47.34205861400892
88,"LASSO Coefficient
Matching
",10.0,0.6121418750915502,93.87858124908449
89,"LASSO Coefficient
Matching
",10.0,4.437127249752109,55.62872750247892
90,"LASSO Coefficient
Matching
",9.999999999999996,13.502448709895237,35.024487098952406
91,"LASSO Coefficient
Matching
",10.0,6.276954546235015,37.23045453764985
92,"LASSO Coefficient
Matching
",9.999999999999998,5.612559509652644,43.87440490347355
93,"LASSO Coefficient
Matching
",10.0,6.3987159802099285,36.012840197900715
94,"LASSO Coefficient
Matching
",9.999999999999998,21.733349815870337,117.33349815870339
95,"LASSO Coefficient
Matching
",10.0,9.684536840069379,3.15463159930621
96,"LASSO Coefficient
Matching
",9.999999999999998,5.989138719947071,40.10861280052927
97,"LASSO Coefficient
Matching
",10.0,5.070504909417687,49.29495090582313
98,"LASSO Coefficient
Matching
",10.0,-2.586215017059648,125.86215017059648
99,"LASSO Coefficient
Matching
",10.0,9.887826997860358,1.1217300213964165
100,"LASSO Coefficient
Matching
",10.0,2.5004379162577135,74.99562083742288
101,"LASSO Coefficient
Matching
",10.0,6.158798646122895,38.41201353877105
102,"LASSO Coefficient
Matching
",9.999999999999998,4.353355680028756,56.46644319971242
103,"LASSO Coefficient
Matching
",10.0,4.75579949559884,52.442005044011594
104,"LASSO Coefficient
Matching
",10.0,1.2932375515595542,87.06762448440445
105,"LASSO Coefficient
Matching
",10.0,4.045781405196612,59.542185948033875
106,"LASSO Coefficient
Matching
",10.0,5.427586332083047,45.72413667916953
107,"LASSO Coefficient
Matching
",10.000000000000004,0.3661582404827003,96.33841759517303
108,"LASSO Coefficient
Matching
",10.0,6.828867133358925,31.711328666410754
109,"LASSO Coefficient
Matching
",10.0,2.5546292790315537,74.45370720968447
110,"LASSO Coefficient
Matching
",10.0,5.194021422138966,48.05978577861034
111,"LASSO Coefficient
Matching
",10.0,9.527172944042366,4.7282705595763375
112,"LASSO Coefficient
Matching
",10.0,-0.5034344557143304,105.03434455714331
113,"LASSO Coefficient
Matching
",10.0,3.9485424684070622,60.51457531592938
114,"LASSO Coefficient
Matching
",10.0,-1.552132043208399,115.52132043208398
115,"LASSO Coefficient
Matching
",10.0,-1.105124722207134,111.05124722207134
116,"LASSO Coefficient
Matching
",10.0,7.275155439959928,27.24844560040072
117,"LASSO Coefficient
Matching
",9.999999999999998,11.464073488147159,14.640734881471609
118,"LASSO Coefficient
Matching
",10.0,9.795667309251508,2.0433269074849214
119,"LASSO Coefficient
Matching
",10.0,4.127239317298108,58.72760682701892
120,"LASSO Coefficient
Matching
",10.0,9.3239290515953,6.7607094840469975
121,"LASSO Coefficient
Matching
",10.0,4.122557799122074,58.77442200877926
122,"LASSO Coefficient
Matching
",10.0,6.069518021453843,39.304819785461575
123,"LASSO Coefficient
Matching
",10.0,8.067571363881768,19.324286361182317
124,"LASSO Coefficient
Matching
",10.0,17.858166001318743,78.58166001318743
125,"LASSO Coefficient
Matching
",10.000000000000007,2.1693013748420444,78.30698625157963
126,"LASSO Coefficient
Matching
",10.000000000000004,5.25313154410798,47.46868455892024
127,"LASSO Coefficient
Matching
",10.000000000000002,6.408858868752315,35.91141131247687
128,"LASSO Coefficient
Matching
",10.0,3.3738009695141282,66.26199030485871
129,"LASSO Coefficient
Matching
",10.0,-3.5225093605136863,135.22509360513686
130,"LASSO Coefficient
Matching
",10.0,11.046825585774027,10.468255857740267
131,"LASSO Coefficient
Matching
",10.0,9.143982302157877,8.560176978421232
132,"LASSO Coefficient
Matching
",10.0,8.485539020963778,15.144609790362223
133,"LASSO Coefficient
Matching
",10.0,6.564765624709612,34.352343752903884
134,"LASSO Coefficient
Matching
",10.000000000000004,3.210360577338838,67.89639422661166
135,"LASSO Coefficient
Matching
",10.0,-0.7383997047079285,107.38399704707928
136,"LASSO Coefficient
Matching
",10.000000000000007,5.11145555336865,48.88544446631357
137,"LASSO Coefficient
Matching
",10.000000000000007,6.2102640533848374,37.8973594661517
138,"LASSO Coefficient
Matching
",10.0,0.44462907810446967,95.5537092189553
139,"LASSO Coefficient
Matching
",10.000000000000004,3.2823793661913037,67.176206338087
140,"LASSO Coefficient
Matching
",10.0,1.9115511094049045,80.88448890595096
141,"LASSO Coefficient
Matching
",10.0,5.005221812578545,49.947781874214556
142,"LASSO Coefficient
Matching
",10.0,1.0948658919198238,89.05134108080176
143,"LASSO Coefficient
Matching
",10.0,4.997799609821536,50.02200390178464
144,"LASSO Coefficient
Matching
",10.0,-4.523433115741113,145.23433115741113
145,"LASSO Coefficient
Matching
",10.0,7.655773715718818,23.442262842811818
146,"LASSO Coefficient
Matching
",9.999999999999998,4.578332422450402,54.21667577549596
147,"LASSO Coefficient
Matching
",9.999999999999998,5.511273099091764,44.887269009082345
148,"LASSO Coefficient
Matching
",10.0,1.166087315127969,88.33912684872031
149,"LASSO Coefficient
Matching
",10.0,3.0316849250214397,69.68315074978561
150,"LASSO Coefficient
Matching
",10.0,1.418612437264803,85.81387562735196
151,"LASSO Coefficient
Matching
",10.0,4.540668385412387,54.59331614587614
152,"LASSO Coefficient
Matching
",10.0,-4.980002137181137,149.8000213718114
153,"LASSO Coefficient
Matching
",10.0,-2.1828664179321313,121.82866417932132
154,"LASSO Coefficient
Matching
",10.0,2.5561177911972024,74.43882208802798
155,"LASSO Coefficient
Matching
",10.0,-0.11972306209573702,101.19723062095738
156,"LASSO Coefficient
Matching
",10.0,3.4910140979775055,65.08985902022495
157,"LASSO Coefficient
Matching
",9.999999999999993,2.2400360133929307,77.59963986607062
158,"LASSO Coefficient
Matching
",10.0,3.4843619602015363,65.15638039798463
159,"LASSO Coefficient
Matching
",10.0,7.472698092736826,25.27301907263174
160,"LASSO Coefficient
Matching
",10.0,1.4836477680568219,85.16352231943178
161,"LASSO Coefficient
Matching
",10.0,-3.6214757376361035,136.21475737636104
162,"LASSO Coefficient
Matching
",10.0,3.7766011733269917,62.23398826673009
163,"LASSO Coefficient
Matching
",10.0,-2.6524170863364525,126.52417086336452
164,"LASSO Coefficient
Matching
",10.0,-0.02885932427248683,100.28859324272487
165,"LASSO Coefficient
Matching
",10.0,6.438700898355343,35.61299101644657
166,"LASSO Coefficient
Matching
",10.0,6.922566452366289,30.77433547633711
167,"LASSO Coefficient
Matching
",10.0,6.1321143515477345,38.678856484522655
168,"LASSO Coefficient
Matching
",10.0,4.128473866693842,58.715261333061584
169,"LASSO Coefficient
Matching
",10.0,4.894086262768683,51.05913737231317
170,"LASSO Coefficient
Matching
",10.0,3.2692362449763737,67.30763755023627
171,"LASSO Coefficient
Matching
",10.0,6.090105082937915,39.098949170620855
172,"LASSO Coefficient
Matching
",10.0,4.820671176568891,51.793288234311085
173,"LASSO Coefficient
Matching
",10.0,9.312452839879334,6.875471601206655
174,"LASSO Coefficient
Matching
",10.0,4.351262392227227,56.48737607772774
175,"LASSO Coefficient
Matching
",9.999999999999998,9.465945133198085,5.340548668019132
176,"LASSO Coefficient
Matching
",10.0,1.7174097940574673,82.82590205942533
177,"LASSO Coefficient
Matching
",10.0,15.958135939583155,59.58135939583155
178,"LASSO Coefficient
Matching
",10.0,15.547402629945644,55.47402629945643
179,"LASSO Coefficient
Matching
",10.0,3.8018900749986675,61.98109925001333
180,"LASSO Coefficient
Matching
",10.0,1.0577446268078434,89.42255373192157
181,"LASSO Coefficient
Matching
",10.000000000000002,2.1120484591436886,78.87951540856314
182,"LASSO Coefficient
Matching
",10.0,7.278259430259353,27.21740569740647
183,"LASSO Coefficient
Matching
",10.0,0.9835849323981821,90.16415067601817
184,"LASSO Coefficient
Matching
",10.0,4.622005956745401,53.77994043254599
185,"LASSO Coefficient
Matching
",10.0,3.379609792668039,66.20390207331961
186,"LASSO Coefficient
Matching
",10.0,1.9795986948346889,80.2040130516531
187,"LASSO Coefficient
Matching
",10.0,4.249585417234432,57.504145827655684
188,"LASSO Coefficient
Matching
",10.0,-0.8869520096490032,108.86952009649002
189,"LASSO Coefficient
Matching
",10.0,2.359658116013593,76.40341883986407
190,"LASSO Coefficient
Matching
",10.0,5.3825212530049695,46.17478746995031
191,"LASSO Coefficient
Matching
",10.0,3.4922546373446224,65.07745362655378
192,"LASSO Coefficient
Matching
",10.0,5.103642982549468,48.963570174505314
193,"LASSO Coefficient
Matching
",10.0,2.3008079079836694,76.99192092016331
194,"LASSO Coefficient
Matching
",10.0,11.677622036992506,16.776220369925063
195,"LASSO Coefficient
Matching
",10.0,1.6847727746343097,83.15227225365692
196,"LASSO Coefficient
Matching
",10.0,5.428853521509047,45.71146478490953
197,"LASSO Coefficient
Matching
",10.0,-0.7888094057557687,107.88809405755768
198,"LASSO Coefficient
Matching
",10.0,4.225062059777542,57.74937940222458
199,"LASSO Coefficient
Matching
",10.0,1.3176886745194185,86.82311325480582
200,"LASSO Coefficient
Matching
",10.0,-1.5701539596951035,115.70153959695104
201,"LASSO Coefficient
Matching
",10.0,-5.373764284691088,153.73764284691086
202,"LASSO Coefficient
Matching
",10.0,21.9810747241264,119.81074724126401
203,"LASSO Coefficient
Matching
",10.0,3.757786802104868,62.42213197895132
204,"LASSO Coefficient
Matching
",9.999999999999996,-0.9782621081536516,109.78262108153649
205,"LASSO Coefficient
Matching
",10.0,6.7635648489079365,32.364351510920635
206,"LASSO Coefficient
Matching
",10.0,7.83310334362673,21.6689665637327
207,"LASSO Coefficient
Matching
",10.0,-0.9286758028387389,109.28675802838738
208,"LASSO Coefficient
Matching
",10.0,3.917501076566079,60.82498923433921
209,"LASSO Coefficient
Matching
",10.0,3.119954917631797,68.80045082368203
210,"LASSO Coefficient
Matching
",10.0,10.46144207517935,4.6144207517935065
211,"LASSO Coefficient
Matching
",10.0,8.426937778044817,15.730622219551831
212,"LASSO Coefficient
Matching
",10.000000000000004,8.343429850295554,16.5657014970445
213,"LASSO Coefficient
Matching
",10.0,-3.790370551004728,137.90370551004727
214,"LASSO Coefficient
Matching
",10.0,2.7903756576289656,72.09624342371035
215,"LASSO Coefficient
Matching
",10.0,9.181105430404735,8.188945695952654
216,"LASSO Coefficient
Matching
",10.0,0.19501257104179426,98.04987428958206
217,"LASSO Coefficient
Matching
",10.0,1.5520248929313585,84.47975107068642
218,"LASSO Coefficient
Matching
",9.999999999999998,6.041365334340284,39.58634665659714
219,"LASSO Coefficient
Matching
",10.000000000000004,3.6574847758323217,63.42515224167682
220,"LASSO Coefficient
Matching
",9.999999999999996,5.510217798186926,44.897822018130704
221,"LASSO Coefficient
Matching
",10.0,1.9097847707886666,80.90215229211333
222,"LASSO Coefficient
Matching
",10.0,4.500813492781132,54.99186507218867
223,"LASSO Coefficient
Matching
",10.000000000000007,7.24151160766983,27.584883923301774
224,"LASSO Coefficient
Matching
",10.0,4.610413011242889,53.89586988757111
225,"LASSO Coefficient
Matching
",10.0,9.553817992454057,4.461820075459428
226,"LASSO Coefficient
Matching
",9.999999999999998,5.349819881578972,46.501801184210265
227,"LASSO Coefficient
Matching
",10.0,-2.493127808969679,124.93127808969678
228,"LASSO Coefficient
Matching
",9.999999999999996,8.735346834612443,12.646531653875535
229,"LASSO Coefficient
Matching
",10.0,5.4313163105850855,45.686836894149145
230,"LASSO Coefficient
Matching
",10.0,0.41934261588406607,95.80657384115933
231,"LASSO Coefficient
Matching
",10.0,8.840925868085108,11.590741319148918
232,"LASSO Coefficient
Matching
",10.000000000000002,5.701803041903169,42.981969580968325
233,"LASSO Coefficient
Matching
",10.0,5.74134974341147,42.586502565885304
234,"LASSO Coefficient
Matching
",10.0,5.369489528177689,46.30510471822311
235,"LASSO Coefficient
Matching
",9.999999999999998,6.777867403660713,32.22132596339285
236,"LASSO Coefficient
Matching
",10.0,24.515817805324417,145.15817805324417
237,"LASSO Coefficient
Matching
",10.0,-0.44310422870512267,104.43104228705123
238,"LASSO Coefficient
Matching
",10.000000000000007,4.644566063460538,53.55433936539469
239,"LASSO Coefficient
Matching
",10.0,3.657268101372722,63.42731898627279
240,"LASSO Coefficient
Matching
",10.0,5.9630873834527724,40.369126165472274
241,"LASSO Coefficient
Matching
",10.0,6.059397676673797,39.40602323326203
242,"LASSO Coefficient
Matching
",10.0,3.1346218310097536,68.65378168990246
243,"LASSO Coefficient
Matching
",10.0,-1.5258620454615437,115.25862045461544
244,"LASSO Coefficient
Matching
",10.0,13.47317352179737,34.73173521797371
245,"LASSO Coefficient
Matching
",10.0,5.622260861830362,43.777391381696376
246,"LASSO Coefficient
Matching
",10.0,5.319462094547071,46.80537905452929
247,"LASSO Coefficient
Matching
",10.0,4.642435158677103,53.57564841322897
248,"LASSO Coefficient
Matching
",10.0,-4.363122197900763,143.63122197900765
249,"LASSO Coefficient
Matching
",10.0,10.81030501581321,8.103050158132099
250,"LASSO Coefficient
Matching
",9.999999999999998,0.5233845989278353,94.76615401072162
251,"LASSO Coefficient
Matching
",10.0,5.203473878865729,47.96526121134271
252,"LASSO Coefficient
Matching
",10.0,3.9228725517038647,60.77127448296136
253,"LASSO Coefficient
Matching
",10.0,2.1085471973576393,78.9145280264236
254,"LASSO Coefficient
Matching
",10.0,4.120240401701014,58.79759598298986
255,"LASSO Coefficient
Matching
",10.000000000000007,7.804081209194106,21.959187908059015
256,"LASSO Coefficient
Matching
",10.0,3.7948290259012794,62.05170974098721
257,"LASSO Coefficient
Matching
",10.0,9.396475483899161,6.035245161008387
258,"LASSO Coefficient
Matching
",10.0,7.215049750050449,27.84950249949551
259,"LASSO Coefficient
Matching
",10.0,2.618463172145496,73.81536827854504
260,"LASSO Coefficient
Matching
",10.0,2.1765425274817094,78.23457472518291
261,"LASSO Coefficient
Matching
",10.0,1.5099549450948235,84.90045054905175
262,"LASSO Coefficient
Matching
",10.0,-0.4930221007502378,104.93022100750238
263,"LASSO Coefficient
Matching
",10.0,2.1086452809086165,78.91354719091383
264,"LASSO Coefficient
Matching
",10.0,0.42326587537598825,95.76734124624012
265,"LASSO Coefficient
Matching
",10.0,10.017122696292109,0.1712269629210894
266,"LASSO Coefficient
Matching
",10.0,8.116452289055863,18.835477109441374
267,"LASSO Coefficient
Matching
",10.0,4.1276085488264505,58.7239145117355
268,"LASSO Coefficient
Matching
",10.0,6.049554148557982,39.50445851442018
269,"LASSO Coefficient
Matching
",10.0,-4.063239332788364,140.63239332788365
270,"LASSO Coefficient
Matching
",10.000000000000002,2.877517894223626,71.22482105776375
271,"LASSO Coefficient
Matching
",9.999999999999996,5.987612654511615,40.123873454883814
272,"LASSO Coefficient
Matching
",10.0,0.488137370516905,95.11862629483096
273,"LASSO Coefficient
Matching
",10.0,6.300045478028407,36.99954521971593
274,"LASSO Coefficient
Matching
",10.0,1.1670451177433163,88.32954882256684
275,"LASSO Coefficient
Matching
",10.0,2.63992388038761,73.60076119612391
276,"LASSO Coefficient
Matching
",10.0,5.6282416104710595,43.7175838952894
277,"LASSO Coefficient
Matching
",10.0,2.884926918822021,71.15073081177978
278,"LASSO Coefficient
Matching
",10.0,-3.617972915419987,136.17972915419986
279,"LASSO Coefficient
Matching
",10.0,6.929295784539947,30.70704215460053
280,"LASSO Coefficient
Matching
",10.0,13.02996681880378,30.299668188037803
281,"LASSO Coefficient
Matching
",10.0,3.5610068838684272,64.38993116131573
282,"LASSO Coefficient
Matching
",10.0,5.6510796797897775,43.489203202102225
283,"LASSO Coefficient
Matching
",10.0,8.953853688790893,10.461463112091067
284,"LASSO Coefficient
Matching
",10.000000000000007,8.651797871319904,13.482021286801036
285,"LASSO Coefficient
Matching
",10.0,-2.077619916398536,120.77619916398537
286,"LASSO Coefficient
Matching
",9.999999999999998,5.00893995481743,49.91060045182568
287,"LASSO Coefficient
Matching
",10.0,16.645148817277903,66.45148817277902
288,"LASSO Coefficient
Matching
",10.0,4.9442297281962615,50.55770271803739
289,"LASSO Coefficient
Matching
",10.0,7.193782055668805,28.062179443311948
290,"LASSO Coefficient
Matching
",10.0,5.746369184693023,42.53630815306977
291,"LASSO Coefficient
Matching
",10.0,6.385183275984409,36.14816724015591
292,"LASSO Coefficient
Matching
",10.0,2.600991700600132,73.99008299399867
293,"LASSO Coefficient
Matching
",10.0,1.1865026620560255,88.13497337943976
294,"LASSO Coefficient
Matching
",10.0,-0.5115373789606967,105.11537378960696
295,"LASSO Coefficient
Matching
",10.0,5.377857401248262,46.221425987517385
296,"LASSO Coefficient
Matching
",10.0,8.153804858733013,18.461951412669872
297,"LASSO Coefficient
Matching
",10.0,3.478467428411098,65.21532571588902
298,"LASSO Coefficient
Matching
",10.000000000000004,5.908631403285548,40.91368596714456
299,"LASSO Coefficient
Matching
",10.0,7.115350867929588,28.84649132070412
300,"LASSO Coefficient
Matching
",10.0,5.211521672826235,47.88478327173765
301,"LASSO Coefficient
Matching
",10.0,8.634170683096661,13.658293169033389
302,"LASSO Coefficient
Matching
",10.0,7.678776571129436,23.212234288705638
303,"LASSO Coefficient
Matching
",10.0,10.683977407926495,6.839774079264949
304,"LASSO Coefficient
Matching
",10.0,-0.0982399215127463,100.98239921512746
305,"LASSO Coefficient
Matching
",10.0,6.194888860470721,38.05111139529279
306,"LASSO Coefficient
Matching
",10.0,-1.1103703480919873,111.10370348091988
307,"LASSO Coefficient
Matching
",10.0,5.2099484825119,47.900515174881
308,"LASSO Coefficient
Matching
",10.0,1.2062852084141173,87.93714791585883
309,"LASSO Coefficient
Matching
",9.999999999999996,3.487657597473881,65.12342402526116
310,"LASSO Coefficient
Matching
",10.0,5.434035905217249,45.659640947827505
311,"LASSO Coefficient
Matching
",10.0,-3.4417322057170505,134.4173220571705
312,"LASSO Coefficient
Matching
",10.0,-2.1557990981364177,121.55799098136417
313,"LASSO Coefficient
Matching
",10.0,6.348359596793909,36.51640403206091
314,"LASSO Coefficient
Matching
",9.999999999999993,0.050118273303617844,99.49881726696375
315,"LASSO Coefficient
Matching
",10.0,2.233299609288994,77.66700390711006
316,"LASSO Coefficient
Matching
",10.0,5.8741188658913845,41.25881134108616
317,"LASSO Coefficient
Matching
",10.0,7.822752953293241,21.77247046706759
318,"LASSO Coefficient
Matching
",10.0,7.04437978364677,29.5562021635323
319,"LASSO Coefficient
Matching
",10.0,2.777425762207524,72.22574237792476
320,"LASSO Coefficient
Matching
",10.0,2.2958181797374504,77.0418182026255
321,"LASSO Coefficient
Matching
",10.0,-0.03336875248336035,100.3336875248336
322,"LASSO Coefficient
Matching
",10.0,8.59394362753795,14.0605637246205
323,"LASSO Coefficient
Matching
",10.0,8.801424010599991,11.98575989400009
324,"LASSO Coefficient
Matching
",10.0,2.495952183137261,75.04047816862739
325,"LASSO Coefficient
Matching
",10.0,1.470768372195251,85.2923162780475
326,"LASSO Coefficient
Matching
",10.0,4.042761473159362,59.57238526840638
327,"LASSO Coefficient
Matching
",10.0,-5.702788436170415,157.02788436170417
328,"LASSO Coefficient
Matching
",10.0,8.999314244293034,10.006857557069662
329,"LASSO Coefficient
Matching
",10.0,7.901956110338419,20.980438896615812
330,"LASSO Coefficient
Matching
",10.0,6.223447062774365,37.765529372256346
331,"LASSO Coefficient
Matching
",10.000000000000007,2.8760726306339652,71.23927369366042
332,"LASSO Coefficient
Matching
",10.0,4.447797202612236,55.52202797387764
333,"LASSO Coefficient
Matching
",10.0,-1.206253427111344,112.06253427111344
334,"LASSO Coefficient
Matching
",10.0,3.965987862879359,60.340121371206415
335,"LASSO Coefficient
Matching
",10.0,9.624157996946026,3.7584200305397353
336,"LASSO Coefficient
Matching
",10.0,3.7913699177925526,62.08630082207447
337,"LASSO Coefficient
Matching
",10.0,0.5769273333016272,94.23072666698373
338,"LASSO Coefficient
Matching
",10.0,5.070217577435654,49.29782422564345
339,"LASSO Coefficient
Matching
",10.0,2.1906403059477952,78.09359694052205
340,"LASSO Coefficient
Matching
",10.0,4.168228832995653,58.31771167004347
341,"LASSO Coefficient
Matching
",10.0,4.607459120433467,53.925408795665334
342,"LASSO Coefficient
Matching
",10.0,5.515896855079285,44.84103144920715
343,"LASSO Coefficient
Matching
",10.0,7.324547072522865,26.75452927477135
344,"LASSO Coefficient
Matching
",10.0,7.375754000909716,26.242459990902844
345,"LASSO Coefficient
Matching
",10.000000000000007,4.239146534069512,57.60853465930496
346,"LASSO Coefficient
Matching
",10.0,7.897336732126129,21.026632678738714
347,"LASSO Coefficient
Matching
",10.0,4.24502340473729,57.549765952627105
348,"LASSO Coefficient
Matching
",10.0,10.306944634937004,3.0694463493700397
349,"LASSO Coefficient
Matching
",10.0,6.681960259039158,33.18039740960842
350,"LASSO Coefficient
Matching
",10.000000000000007,5.033754765777016,49.66245234222991
351,"LASSO Coefficient
Matching
",10.0,-0.8882262247079664,108.88226224707967
352,"LASSO Coefficient
Matching
",10.0,3.4789724066813887,65.21027593318611
353,"LASSO Coefficient
Matching
",10.0,6.892255931280246,31.077440687197537
354,"LASSO Coefficient
Matching
",10.0,4.054562066711827,59.454379332881736
355,"LASSO Coefficient
Matching
",10.0,1.067230576230756,89.32769423769244
356,"LASSO Coefficient
Matching
",10.0,0.5597648409746322,94.40235159025369
357,"LASSO Coefficient
Matching
",10.0,4.223418695491779,57.765813045082204
358,"LASSO Coefficient
Matching
",10.0,5.090054837873342,49.09945162126658
359,"LASSO Coefficient
Matching
",10.0,4.075947612456193,59.24052387543808
360,"LASSO Coefficient
Matching
",10.0,8.016966857567333,19.830331424326673
361,"LASSO Coefficient
Matching
",10.0,2.2441602760176247,77.55839723982375
362,"LASSO Coefficient
Matching
",10.0,3.3643410277696244,66.35658972230377
363,"LASSO Coefficient
Matching
",10.0,7.61644040884549,23.835595911545102
364,"LASSO Coefficient
Matching
",10.0,9.616870456337288,3.8312954366271157
365,"LASSO Coefficient
Matching
",10.0,6.141372013737209,38.58627986262791
366,"LASSO Coefficient
Matching
",10.0,5.179761335338098,48.20238664661902
367,"LASSO Coefficient
Matching
",10.0,11.945082552393096,19.45082552393096
368,"LASSO Coefficient
Matching
",10.000000000000007,5.177598440306739,48.22401559693268
369,"LASSO Coefficient
Matching
",10.0,10.92104993542555,9.210499354255504
370,"LASSO Coefficient
Matching
",10.000000000000007,7.019709737169802,29.802902628302046
371,"LASSO Coefficient
Matching
",10.0,4.033450371679845,59.66549628320155
372,"LASSO Coefficient
Matching
",10.0,-3.3573119287916047,133.57311928791603
373,"LASSO Coefficient
Matching
",9.999999999999998,4.039825748010692,59.601742519893065
374,"LASSO Coefficient
Matching
",10.0,-1.7651761394904653,117.65176139490465
375,"LASSO Coefficient
Matching
",10.0,4.356562960971051,56.43437039028949
376,"LASSO Coefficient
Matching
",10.0,7.924530059184065,20.754699408159354
377,"LASSO Coefficient
Matching
",10.000000000000002,2.068379664886611,79.31620335113391
378,"LASSO Coefficient
Matching
",10.0,0.8683081460159157,91.31691853984083
379,"LASSO Coefficient
Matching
",10.0,8.758588034748543,12.414119652514568
380,"LASSO Coefficient
Matching
",10.0,10.625328468446307,6.253284684463072
381,"LASSO Coefficient
Matching
",10.0,6.975347854706938,30.24652145293062
382,"LASSO Coefficient
Matching
",10.0,5.4517231831842174,45.482768168157826
383,"LASSO Coefficient
Matching
",9.999999999999996,9.728131645131523,2.718683548684737
384,"LASSO Coefficient
Matching
",10.0,-2.058179790620539,120.58179790620538
385,"LASSO Coefficient
Matching
",9.999999999999998,5.528790164043944,44.71209835956055
386,"LASSO Coefficient
Matching
",9.999999999999996,6.744264765509276,32.55735234490721
387,"LASSO Coefficient
Matching
",9.999999999999996,12.394232476577107,23.942324765771108
388,"LASSO Coefficient
Matching
",10.0,8.947658721884865,10.523412781151347
389,"LASSO Coefficient
Matching
",10.0,1.6144097881350008,83.85590211865
390,"LASSO Coefficient
Matching
",10.0,9.070376055960748,9.296239440392515
391,"LASSO Coefficient
Matching
",10.0,6.247045967218988,37.52954032781012
392,"LASSO Coefficient
Matching
",10.0,3.192076599798104,68.07923400201895
393,"LASSO Coefficient
Matching
",10.0,-2.690337508186173,126.90337508186174
394,"LASSO Coefficient
Matching
",10.0,-1.8835083365822536,118.83508336582254
395,"LASSO Coefficient
Matching
",10.0,-1.2028254530062856,112.02825453006287
396,"LASSO Coefficient
Matching
",10.0,5.0283862549629275,49.716137450370724
397,"LASSO Coefficient
Matching
",10.0,-2.2849797811869195,122.8497978118692
398,"LASSO Coefficient
Matching
",10.0,5.277904107394349,47.22095892605651
399,"LASSO Coefficient
Matching
",10.0,2.024089060467417,79.75910939532584
400,"LASSO Coefficient
Matching
",10.0,2.480519331611167,75.19480668388833
401,"LASSO Coefficient
Matching
",10.0,4.485029637646474,55.14970362353526
402,"LASSO Coefficient
Matching
",10.0,0.4834698970957234,95.16530102904277
403,"LASSO Coefficient
Matching
",10.0,5.979558909904174,40.20441090095826
404,"LASSO Coefficient
Matching
",10.0,1.894488351458302,81.05511648541699
405,"LASSO Coefficient
Matching
",10.0,3.6002825559259297,63.997174440740714
406,"LASSO Coefficient
Matching
",10.000000000000007,1.518626225730151,84.81373774269856
407,"LASSO Coefficient
Matching
",10.0,5.899116714844082,41.00883285155918
408,"LASSO Coefficient
Matching
",10.0,9.807135065425818,1.9286493457418175
409,"LASSO Coefficient
Matching
",10.0,26.259913983533536,162.59913983533536
410,"LASSO Coefficient
Matching
",9.999999999999993,2.4979649899460794,75.02035010053913
411,"LASSO Coefficient
Matching
",10.0,4.9321490811652,50.678509188347995
412,"LASSO Coefficient
Matching
",10.0,0.7352249423677575,92.64775057632242
413,"LASSO Coefficient
Matching
",10.0,-0.18891561024287418,101.88915610242874
414,"LASSO Coefficient
Matching
",10.0,1.7317656378614759,82.68234362138524
415,"LASSO Coefficient
Matching
",10.0,7.737986323157125,22.620136768428747
416,"LASSO Coefficient
Matching
",10.000000000000002,4.1785094607742925,58.21490539225709
417,"LASSO Coefficient
Matching
",10.0,-1.2189818561265349,112.18981856126535
418,"LASSO Coefficient
Matching
",10.0,3.147552663291897,68.52447336708103
419,"LASSO Coefficient
Matching
",10.000000000000002,7.569280786669313,24.30719213330689
420,"LASSO Coefficient
Matching
",10.000000000000002,6.727148576345247,32.728514236547554
421,"LASSO Coefficient
Matching
",10.0,6.607789604161269,33.92210395838731
422,"LASSO Coefficient
Matching
",10.0,8.129295172433885,18.70704827566115
423,"LASSO Coefficient
Matching
",10.0,8.597030298139082,14.029697018609182
424,"LASSO Coefficient
Matching
",10.0,4.300734770918133,56.99265229081867
425,"LASSO Coefficient
Matching
",10.0,11.122239573817122,11.222395738171222
426,"LASSO Coefficient
Matching
",10.0,8.159964546545083,18.400354534549166
427,"LASSO Coefficient
Matching
",10.0,6.260210819975575,37.397891800244246
428,"LASSO Coefficient
Matching
",10.0,2.3425775468786316,76.57422453121369
429,"LASSO Coefficient
Matching
",10.0,1.4902699024279513,85.09730097572049
430,"LASSO Coefficient
Matching
",10.0,3.9878135245064157,60.12186475493584
431,"LASSO Coefficient
Matching
",10.0,-2.9324231368874383,129.3242313688744
432,"LASSO Coefficient
Matching
",9.999999999999998,5.9641285394794314,40.35871460520567
433,"LASSO Coefficient
Matching
",10.0,6.466872917992294,35.33127082007706
434,"LASSO Coefficient
Matching
",10.0,5.2539234525678244,47.460765474321754
435,"LASSO Coefficient
Matching
",10.0,11.174905950332903,11.749059503329029
436,"LASSO Coefficient
Matching
",10.0,11.688207563650366,16.882075636503657
437,"LASSO Coefficient
Matching
",10.0,4.879008785795668,51.209912142043315
438,"LASSO Coefficient
Matching
",10.0,-0.5661796561798842,105.66179656179884
439,"LASSO Coefficient
Matching
",10.0,7.88569568617681,21.143043138231903
440,"LASSO Coefficient
Matching
",10.0,10.7537318019064,7.537318019063992
441,"LASSO Coefficient
Matching
",10.0,6.403622925074467,35.96377074925533
442,"LASSO Coefficient
Matching
",10.0,2.02654087194131,79.7345912805869
443,"LASSO Coefficient
Matching
",10.0,5.528949731240331,44.71050268759669
444,"LASSO Coefficient
Matching
",10.0,5.412140482222838,45.87859517777162
445,"LASSO Coefficient
Matching
",10.0,1.5699191702776467,84.30080829722353
446,"LASSO Coefficient
Matching
",10.0,10.432550437913282,4.325504379132816
447,"LASSO Coefficient
Matching
",10.0,3.517847488795298,64.82152511204701
448,"LASSO Coefficient
Matching
",10.0,3.2899213519926107,67.1007864800739
449,"LASSO Coefficient
Matching
",10.0,-7.580799428879091,175.8079942887909
450,"LASSO Coefficient
Matching
",10.000000000000004,4.224651387111382,57.75348612888622
451,"LASSO Coefficient
Matching
",10.0,2.0283795946053766,79.71620405394624
452,"LASSO Coefficient
Matching
",10.0,8.11231908959738,18.876809104026204
453,"LASSO Coefficient
Matching
",10.0,9.309157601660843,6.908423983391572
454,"LASSO Coefficient
Matching
",10.0,2.658331460543657,73.41668539456343
455,"LASSO Coefficient
Matching
",10.0,3.1249238083446835,68.75076191655316
456,"LASSO Coefficient
Matching
",10.0,18.13277324780194,81.32773247801939
457,"LASSO Coefficient
Matching
",10.0,24.248089208598508,142.48089208598506
458,"LASSO Coefficient
Matching
",10.0,2.448368150142254,75.51631849857745
459,"LASSO Coefficient
Matching
",10.000000000000007,2.7053672736338368,72.9463272636617
460,"LASSO Coefficient
Matching
",10.0,5.60625838187877,43.9374161812123
461,"LASSO Coefficient
Matching
",10.0,5.66073801911426,43.392619808857404
462,"LASSO Coefficient
Matching
",10.0,5.891187116937957,41.088128830620434
463,"LASSO Coefficient
Matching
",10.0,5.789992214624558,42.10007785375442
464,"LASSO Coefficient
Matching
",10.0,10.38142666059722,3.8142666059722075
465,"LASSO Coefficient
Matching
",9.999999999999998,5.230006085736555,47.69993914263443
466,"LASSO Coefficient
Matching
",10.0,11.444926882652595,14.449268826525952
467,"LASSO Coefficient
Matching
",10.0,4.794624320475526,52.053756795244745
468,"LASSO Coefficient
Matching
",10.0,5.9055908458968345,40.94409154103166
469,"LASSO Coefficient
Matching
",9.999999999999993,6.117500348447363,38.8249965155263
470,"LASSO Coefficient
Matching
",10.0,2.280474985338632,77.19525014661369
471,"LASSO Coefficient
Matching
",10.0,6.045695081283775,39.543049187162254
472,"LASSO Coefficient
Matching
",10.0,-1.231316990171139,112.31316990171139
473,"LASSO Coefficient
Matching
",10.0,9.779467003273032,2.2053299672696802
474,"LASSO Coefficient
Matching
",10.0,8.256389383005919,17.43610616994081
475,"LASSO Coefficient
Matching
",10.0,8.589787704526445,14.102122954735547
476,"LASSO Coefficient
Matching
",10.0,6.171300579529085,38.28699420470915
477,"LASSO Coefficient
Matching
",10.0,6.4195339211775515,35.80466078822448
478,"LASSO Coefficient
Matching
",9.999999999999998,2.2271100592136426,77.72889940786357
479,"LASSO Coefficient
Matching
",10.0,8.773772470310448,12.262275296895524
480,"LASSO Coefficient
Matching
",10.0,8.895336055378756,11.046639446212438
481,"LASSO Coefficient
Matching
",10.0,2.1697265001313335,78.30273499868666
482,"LASSO Coefficient
Matching
",10.0,2.967833028606716,70.32166971393285
483,"LASSO Coefficient
Matching
",10.0,11.878616970411953,18.786169704119526
484,"LASSO Coefficient
Matching
",10.0,4.249323927213135,57.506760727868645
485,"LASSO Coefficient
Matching
",10.0,4.194486182426564,58.055138175734356
486,"LASSO Coefficient
Matching
",10.000000000000007,4.280869750490625,57.19130249509382
487,"LASSO Coefficient
Matching
",10.0,2.2789121793884544,77.21087820611545
488,"LASSO Coefficient
Matching
",10.0,4.3263758675880775,56.73624132411923
489,"LASSO Coefficient
Matching
",9.999999999999996,5.45308500303614,45.469149969638565
490,"LASSO Coefficient
Matching
",10.0,6.674828349413221,33.25171650586779
491,"LASSO Coefficient
Matching
",9.999999999999998,0.014683745061567777,99.8531625493843
492,"LASSO Coefficient
Matching
",9.999999999999996,3.3429962334193064,66.57003766580691
493,"LASSO Coefficient
Matching
",10.0,4.534566677451865,54.654333225481345
494,"LASSO Coefficient
Matching
",10.0,7.920857107340639,20.791428926593607
495,"LASSO Coefficient
Matching
",10.0,0.5765129696348228,94.23487030365176
496,"LASSO Coefficient
Matching
",10.0,5.690577486468771,43.094225135312286
497,"LASSO Coefficient
Matching
",10.0,3.7431450861456304,62.568549138543695
498,"LASSO Coefficient
Matching
",10.0,3.29896565173864,67.01034348261359
499,"LASSO Coefficient
Matching
",9.999999999999998,4.050532888159949,59.4946711184005
500,"Tree Feature
Importance Matching
",10.000000000000002,9.718354075911774,2.816459240882274
501,"Tree Feature
Importance Matching
",9.999999999999998,9.53442258422557,4.655774157744279
502,"Tree Feature
Importance Matching
",10.0,9.776297803981896,2.2370219601810426
503,"Tree Feature
Importance Matching
",10.000000000000004,9.567512198272418,4.324878017275857
504,"Tree Feature
Importance Matching
",10.0,9.807911371011807,1.920886289881931
505,"Tree Feature
Importance Matching
",10.0,8.776970639125881,12.230293608741185
506,"Tree Feature
Importance Matching
",10.0,9.421029254387516,5.789707456124837
507,"Tree Feature
Importance Matching
",10.0,12.346831305375503,23.468313053755026
508,"Tree Feature
Importance Matching
",9.999999999999996,11.269323880286533,12.69323880286537
509,"Tree Feature
Importance Matching
",10.0,9.341569854045986,6.584301459540143
510,"Tree Feature
Importance Matching
",10.0,8.070314991802565,19.29685008197435
511,"Tree Feature
Importance Matching
",10.0,10.115066594846088,1.150665948460876
512,"Tree Feature
Importance Matching
",10.0,10.508009064891926,5.08009064891926
513,"Tree Feature
Importance Matching
",10.0,9.590448667129259,4.095513328707412
514,"Tree Feature
Importance Matching
",10.0,10.263673551442723,2.636735514427233
515,"Tree Feature
Importance Matching
",10.0,9.608817765736367,3.9118223426363308
516,"Tree Feature
Importance Matching
",10.0,10.064021369035586,0.6402136903558642
517,"Tree Feature
Importance Matching
",10.0,10.345857756603344,3.4585775660334406
518,"Tree Feature
Importance Matching
",10.0,9.590448667129891,4.095513328701088
519,"Tree Feature
Importance Matching
",10.000000000000007,8.813695731297237,11.8630426870277
520,"Tree Feature
Importance Matching
",10.0,9.443121805263278,5.568781947367221
521,"Tree Feature
Importance Matching
",10.0,11.609533583510245,16.095335835102453
522,"Tree Feature
Importance Matching
",10.0,8.694876581827543,13.051234181724567
523,"Tree Feature
Importance Matching
",10.0,9.608817765735077,3.911822342649227
524,"Tree Feature
Importance Matching
",10.0,8.694876581827788,13.051234181722116
525,"Tree Feature
Importance Matching
",10.000000000000002,9.534422584225513,4.655774157744883
526,"Tree Feature
Importance Matching
",10.0,9.750727414199272,2.492725858007283
527,"Tree Feature
Importance Matching
",10.0,10.381738823330569,3.817388233305685
528,"Tree Feature
Importance Matching
",10.0,9.39211217639717,6.078878236028302
529,"Tree Feature
Importance Matching
",10.0,8.816984281740254,11.83015718259746
530,"Tree Feature
Importance Matching
",10.0,8.694876581827174,13.05123418172826
531,"Tree Feature
Importance Matching
",10.0,10.34585775660326,3.4585775660326057
532,"Tree Feature
Importance Matching
",10.0,10.263673551442354,2.6367355144235383
533,"Tree Feature
Importance Matching
",10.0,11.739648689619905,17.39648689619905
534,"Tree Feature
Importance Matching
",10.0,10.697154512220552,6.971545122205517
535,"Tree Feature
Importance Matching
",10.0,10.020738869774554,0.20738869774554305
536,"Tree Feature
Importance Matching
",10.0,9.618505499979511,3.8149450002048906
537,"Tree Feature
Importance Matching
",10.0,10.192703105356177,1.9270310535617694
538,"Tree Feature
Importance Matching
",9.999999999999998,9.840106176006536,1.598938239934622
539,"Tree Feature
Importance Matching
",10.0,7.668884301722751,23.31115698277249
540,"Tree Feature
Importance Matching
",10.0,8.69487658182755,13.051234181724498
541,"Tree Feature
Importance Matching
",10.0,8.457723862761759,15.422761372382416
542,"Tree Feature
Importance Matching
",10.0,9.809401810030772,1.9059818996922753
543,"Tree Feature
Importance Matching
",10.0,9.716273910542249,2.8372608945775113
544,"Tree Feature
Importance Matching
",10.0,10.61479042193003,6.1479042193002975
545,"Tree Feature
Importance Matching
",10.0,8.694876581826883,13.051234181731175
546,"Tree Feature
Importance Matching
",10.000000000000002,9.568166307197464,4.318336928025381
547,"Tree Feature
Importance Matching
",10.0,10.019322459544847,0.19322459544847348
548,"Tree Feature
Importance Matching
",10.0,10.076693984415229,0.7669398441522901
549,"Tree Feature
Importance Matching
",10.000000000000002,9.807911371011732,1.920886289882695
550,"Tree Feature
Importance Matching
",10.0,11.81484401737149,18.1484401737149
551,"Tree Feature
Importance Matching
",10.0,8.549197790572542,14.508022094274581
552,"Tree Feature
Importance Matching
",10.0,9.201871905025126,7.981280949748744
553,"Tree Feature
Importance Matching
",10.0,9.662445037829059,3.37554962170941
554,"Tree Feature
Importance Matching
",9.999999999999998,10.192703105356433,1.9270310535643451
555,"Tree Feature
Importance Matching
",10.0,9.36958827623279,6.304117237672102
556,"Tree Feature
Importance Matching
",10.000000000000004,10.067009709746543,0.6700970974653941
557,"Tree Feature
Importance Matching
",10.0,8.754909409066757,12.45090590933243
558,"Tree Feature
Importance Matching
",10.0,10.263673551442622,2.6367355144262206
559,"Tree Feature
Importance Matching
",10.0,9.914319599393153,0.8568040060684724
560,"Tree Feature
Importance Matching
",10.0,10.115663275726302,1.1566327572630186
561,"Tree Feature
Importance Matching
",10.0,10.79564899224788,7.956489922478801
562,"Tree Feature
Importance Matching
",10.0,9.857501774019617,1.4249822598038264
563,"Tree Feature
Importance Matching
",10.0,9.044830475594464,9.551695244055356
564,"Tree Feature
Importance Matching
",10.0,10.200891008124163,2.0089100812416305
565,"Tree Feature
Importance Matching
",10.0,10.381738823330846,3.817388233308457
566,"Tree Feature
Importance Matching
",10.0,9.443121805263818,5.5687819473618205
567,"Tree Feature
Importance Matching
",10.0,10.381738823331045,3.817388233310446
568,"Tree Feature
Importance Matching
",10.0,9.42644759402809,5.735524059719097
569,"Tree Feature
Importance Matching
",10.0,10.706032163848317,7.060321638483166
570,"Tree Feature
Importance Matching
",10.0,11.972298072493807,19.72298072493807
571,"Tree Feature
Importance Matching
",10.0,9.586733763969047,4.132662360309531
572,"Tree Feature
Importance Matching
",10.0,8.718777771219322,12.812222287806776
573,"Tree Feature
Importance Matching
",10.0,9.560621256931103,4.393787430688967
574,"Tree Feature
Importance Matching
",10.0,9.16726002984603,8.327399701539697
575,"Tree Feature
Importance Matching
",9.999999999999998,9.473633188215306,5.2636681178469225
576,"Tree Feature
Importance Matching
",10.0,9.637268957550845,3.627310424491555
577,"Tree Feature
Importance Matching
",10.0,9.914319599393197,0.8568040060680283
578,"Tree Feature
Importance Matching
",10.0,9.341569854046003,6.584301459539965
579,"Tree Feature
Importance Matching
",10.0,10.47737410109039,4.773741010903905
580,"Tree Feature
Importance Matching
",10.0,9.63726895755136,3.6273104244864034
581,"Tree Feature
Importance Matching
",10.0,9.218401807944842,7.8159819205515815
582,"Tree Feature
Importance Matching
",10.0,9.201871905025449,7.981280949745511
583,"Tree Feature
Importance Matching
",10.0,7.7880093731893965,22.119906268106035
584,"Tree Feature
Importance Matching
",10.000000000000002,9.568166307197071,4.318336928029307
585,"Tree Feature
Importance Matching
",10.0,12.127106370058875,21.271063700588755
586,"Tree Feature
Importance Matching
",10.0,11.705595884505847,17.05595884505847
587,"Tree Feature
Importance Matching
",10.0,10.61287447288069,6.1287447288069075
588,"Tree Feature
Importance Matching
",10.0,9.162923017066046,8.370769829339544
589,"Tree Feature
Importance Matching
",10.0,10.47737410109039,4.773741010903905
590,"Tree Feature
Importance Matching
",9.999999999999996,10.50800906489197,5.0800906489197395
591,"Tree Feature
Importance Matching
",10.0,10.994797108309704,9.947971083097045
592,"Tree Feature
Importance Matching
",9.999999999999998,9.840106176006909,1.5989382399308916
593,"Tree Feature
Importance Matching
",10.0,9.77322501306751,2.267749869324902
594,"Tree Feature
Importance Matching
",9.999999999999998,9.728918459509819,2.710815404901794
595,"Tree Feature
Importance Matching
",10.0,9.85750177401934,1.4249822598065975
596,"Tree Feature
Importance Matching
",9.999999999999998,9.470925741151856,5.290742588481425
597,"Tree Feature
Importance Matching
",10.0,9.769643830941689,2.303561690583109
598,"Tree Feature
Importance Matching
",10.0,10.21971186088002,2.1971186088001993
599,"Tree Feature
Importance Matching
",10.0,9.857501774018921,1.4249822598107897
600,"Tree Feature
Importance Matching
",10.0,8.718777771218434,12.812222287815658
601,"Tree Feature
Importance Matching
",10.0,9.813987579061333,1.860124209386669
602,"Tree Feature
Importance Matching
",9.999999999999998,9.569476806078667,4.305231939213314
603,"Tree Feature
Importance Matching
",10.0,12.842841311088577,28.42841311088577
604,"Tree Feature
Importance Matching
",10.0,10.301302260723727,3.013022607237268
605,"Tree Feature
Importance Matching
",10.0,9.551456931953783,4.485430680462166
606,"Tree Feature
Importance Matching
",10.0,11.370447785483695,13.704477854836943
607,"Tree Feature
Importance Matching
",10.000000000000004,10.312036623390096,3.120366233900924
608,"Tree Feature
Importance Matching
",10.0,10.160602277223337,1.6060227722333664
609,"Tree Feature
Importance Matching
",10.0,9.411437063034214,5.885629369657863
610,"Tree Feature
Importance Matching
",10.0,9.554973871633013,4.450261283669867
611,"Tree Feature
Importance Matching
",10.0,9.614686292715728,3.85313707284272
612,"Tree Feature
Importance Matching
",10.0,9.857501774019923,1.424982259800771
613,"Tree Feature
Importance Matching
",10.0,10.79564899224788,7.956489922478801
614,"Tree Feature
Importance Matching
",10.0,8.549197790572238,14.508022094277617
615,"Tree Feature
Importance Matching
",10.0,10.345857756603154,3.45857756603154
616,"Tree Feature
Importance Matching
",10.0,9.563699746463616,4.36300253536384
617,"Tree Feature
Importance Matching
",9.999999999999998,8.692659894034566,13.07340105965432
618,"Tree Feature
Importance Matching
",10.0,8.72873952636971,12.712604736302904
619,"Tree Feature
Importance Matching
",10.0,9.85750177401934,1.4249822598065975
620,"Tree Feature
Importance Matching
",10.0,9.800939400927916,1.9906059907208375
621,"Tree Feature
Importance Matching
",10.0,9.44842584417593,5.5157415582407054
622,"Tree Feature
Importance Matching
",10.0,8.858691754194929,11.41308245805071
623,"Tree Feature
Importance Matching
",10.0,10.019322459545107,0.19322459545106696
624,"Tree Feature
Importance Matching
",10.0,9.857501774019386,1.4249822598061357
625,"Tree Feature
Importance Matching
",10.000000000000007,10.413337471487337,4.133374714873295
626,"Tree Feature
Importance Matching
",10.000000000000004,9.62194571555293,3.7805428444707267
627,"Tree Feature
Importance Matching
",10.000000000000002,9.10627280704815,8.93727192951852
628,"Tree Feature
Importance Matching
",10.0,9.543384579097356,4.566154209026436
629,"Tree Feature
Importance Matching
",10.0,10.908575182311637,9.085751823116368
630,"Tree Feature
Importance Matching
",10.0,9.879690487343098,1.2030951265690248
631,"Tree Feature
Importance Matching
",10.0,11.025948560008992,10.259485600089917
632,"Tree Feature
Importance Matching
",10.0,8.970734057168185,10.29265942831815
633,"Tree Feature
Importance Matching
",10.0,9.713553180885008,2.864468191149925
634,"Tree Feature
Importance Matching
",10.000000000000004,10.45735644227731,4.573564422773071
635,"Tree Feature
Importance Matching
",10.0,9.635824424782811,3.6417557521718895
636,"Tree Feature
Importance Matching
",10.000000000000007,10.020738869773975,0.20738869773968108
637,"Tree Feature
Importance Matching
",10.000000000000007,9.176278882521965,8.237211174780423
638,"Tree Feature
Importance Matching
",10.0,9.716273910541965,2.8372608945803535
639,"Tree Feature
Importance Matching
",10.000000000000004,10.346837990156306,3.4683799015630257
640,"Tree Feature
Importance Matching
",10.0,8.378040663043837,16.21959336956163
641,"Tree Feature
Importance Matching
",10.0,6.593110390050466,34.06889609949534
642,"Tree Feature
Importance Matching
",10.0,9.857501774019514,1.4249822598048567
643,"Tree Feature
Importance Matching
",10.0,9.08929886825093,9.107011317490699
644,"Tree Feature
Importance Matching
",10.0,10.219711860879801,2.1971186087980143
645,"Tree Feature
Importance Matching
",10.0,10.760767519803196,7.607675198031956
646,"Tree Feature
Importance Matching
",9.999999999999998,9.926424880155938,0.7357511984405996
647,"Tree Feature
Importance Matching
",9.999999999999998,8.84292966323077,11.570703367692285
648,"Tree Feature
Importance Matching
",10.0,9.372771843948156,6.27228156051844
649,"Tree Feature
Importance Matching
",10.0,8.54919779057187,14.508022094281294
650,"Tree Feature
Importance Matching
",10.0,9.503947705554374,4.960522944456258
651,"Tree Feature
Importance Matching
",10.0,9.688854979117144,3.111450208828561
652,"Tree Feature
Importance Matching
",10.0,11.025948560008992,10.259485600089917
653,"Tree Feature
Importance Matching
",10.0,9.891427458239185,1.0857254176081454
654,"Tree Feature
Importance Matching
",10.0,9.021615314317714,9.783846856822862
655,"Tree Feature
Importance Matching
",10.0,10.612874472882254,6.128744728822539
656,"Tree Feature
Importance Matching
",10.0,9.769643830941654,2.3035616905834644
657,"Tree Feature
Importance Matching
",9.999999999999993,10.020738869774357,0.2073886977436423
658,"Tree Feature
Importance Matching
",10.0,9.554973871633173,4.450261283668269
659,"Tree Feature
Importance Matching
",10.0,9.857501774020115,1.4249822597988526
660,"Tree Feature
Importance Matching
",10.0,8.821805516340643,11.781944836593574
661,"Tree Feature
Importance Matching
",10.0,9.021615314318616,9.783846856813838
662,"Tree Feature
Importance Matching
",10.0,10.020738869773858,0.20738869773857968
663,"Tree Feature
Importance Matching
",10.0,11.398746739588997,13.987467395889972
664,"Tree Feature
Importance Matching
",10.0,8.816984281740666,11.83015718259334
665,"Tree Feature
Importance Matching
",10.0,9.089298868251127,9.107011317488727
666,"Tree Feature
Importance Matching
",10.0,9.8401061760065,1.598938239934995
667,"Tree Feature
Importance Matching
",10.0,10.074851459125108,0.7485145912510838
668,"Tree Feature
Importance Matching
",10.0,9.494798955295025,5.052010447049753
669,"Tree Feature
Importance Matching
",10.0,8.444541101212723,15.554588987872773
670,"Tree Feature
Importance Matching
",10.0,8.515820494158316,14.841795058416842
671,"Tree Feature
Importance Matching
",10.0,8.97073405716735,10.292659428326498
672,"Tree Feature
Importance Matching
",10.0,10.20023062497632,2.0023062497632083
673,"Tree Feature
Importance Matching
",10.0,9.438406798941836,5.615932010581641
674,"Tree Feature
Importance Matching
",10.0,8.304546987750125,16.954530122498745
675,"Tree Feature
Importance Matching
",9.999999999999998,8.55858451964843,14.414154803515675
676,"Tree Feature
Importance Matching
",10.0,8.820844492405275,11.791555075947251
677,"Tree Feature
Importance Matching
",10.0,9.522075065390844,4.779249346091561
678,"Tree Feature
Importance Matching
",10.0,9.521580881172422,4.784191188275777
679,"Tree Feature
Importance Matching
",10.0,8.816984281740275,11.830157182597247
680,"Tree Feature
Importance Matching
",10.0,8.816984281740345,11.830157182596555
681,"Tree Feature
Importance Matching
",10.000000000000002,8.642257185355309,13.577428146446929
682,"Tree Feature
Importance Matching
",10.0,8.6948765818264,13.051234181736007
683,"Tree Feature
Importance Matching
",10.0,10.58080810204956,5.808081020495592
684,"Tree Feature
Importance Matching
",10.0,9.52158088117321,4.784191188267908
685,"Tree Feature
Importance Matching
",10.0,10.301302260723347,3.0130226072334665
686,"Tree Feature
Importance Matching
",10.0,8.995817202456942,10.041827975430575
687,"Tree Feature
Importance Matching
",10.0,8.858691754194162,11.413082458058383
688,"Tree Feature
Importance Matching
",10.0,9.63582442478296,3.641755752170397
689,"Tree Feature
Importance Matching
",10.0,8.534125611618899,14.65874388381101
690,"Tree Feature
Importance Matching
",10.0,8.963934729759579,10.36065270240421
691,"Tree Feature
Importance Matching
",10.0,8.69487658182701,13.051234181729896
692,"Tree Feature
Importance Matching
",10.0,9.522075065391466,4.779249346085344
693,"Tree Feature
Importance Matching
",10.0,8.816984281739833,11.83015718260167
694,"Tree Feature
Importance Matching
",10.0,9.77629780398251,2.2370219601748964
695,"Tree Feature
Importance Matching
",10.0,9.575533164756695,4.244668352433045
696,"Tree Feature
Importance Matching
",10.0,8.683323715726969,13.166762842730312
697,"Tree Feature
Importance Matching
",10.0,8.694876581827252,13.05123418172748
698,"Tree Feature
Importance Matching
",10.0,9.922913757978225,0.7708624202177461
699,"Tree Feature
Importance Matching
",10.0,8.33771789009365,16.6228210990635
700,"Tree Feature
Importance Matching
",10.0,9.534422584225773,4.655774157742272
701,"Tree Feature
Importance Matching
",10.0,10.30225319631175,3.022531963117494
702,"Tree Feature
Importance Matching
",10.0,8.056962496084399,19.43037503915601
703,"Tree Feature
Importance Matching
",10.0,9.926104846394146,0.7389515360585364
704,"Tree Feature
Importance Matching
",9.999999999999996,9.666850008959784,3.3314999104021226
705,"Tree Feature
Importance Matching
",10.0,8.490924554930357,15.090754450696425
706,"Tree Feature
Importance Matching
",10.0,11.086909834709855,10.869098347098554
707,"Tree Feature
Importance Matching
",10.0,12.84284131108872,28.428413110887192
708,"Tree Feature
Importance Matching
",10.0,12.84284131108788,28.428413110878807
709,"Tree Feature
Importance Matching
",10.0,9.021615314318495,9.783846856815046
710,"Tree Feature
Importance Matching
",10.0,9.637268957551477,3.6273104244852306
711,"Tree Feature
Importance Matching
",10.0,9.130005745169523,8.699942548304769
712,"Tree Feature
Importance Matching
",10.000000000000004,10.93158476172443,9.315847617244266
713,"Tree Feature
Importance Matching
",10.0,9.55497387163225,4.450261283677506
714,"Tree Feature
Importance Matching
",10.0,9.788890446211768,2.111095537882317
715,"Tree Feature
Importance Matching
",10.0,10.397341057675357,3.973410576753569
716,"Tree Feature
Importance Matching
",10.0,8.989436846051909,10.10563153948091
717,"Tree Feature
Importance Matching
",10.0,9.776297803982125,2.237021960178751
718,"Tree Feature
Importance Matching
",9.999999999999998,10.018814019224434,0.18814019224436151
719,"Tree Feature
Importance Matching
",10.000000000000004,11.774509537970157,17.74509537970154
720,"Tree Feature
Importance Matching
",9.999999999999996,9.567512198272428,4.3248780172756796
721,"Tree Feature
Importance Matching
",10.0,8.792928174636913,12.070718253630872
722,"Tree Feature
Importance Matching
",10.0,8.694876581827579,13.051234181724212
723,"Tree Feature
Importance Matching
",10.000000000000007,10.084835519730879,0.8483551973087167
724,"Tree Feature
Importance Matching
",10.0,9.501734912945167,4.982650870548326
725,"Tree Feature
Importance Matching
",10.0,8.583466716130651,14.165332838693487
726,"Tree Feature
Importance Matching
",9.999999999999998,10.192703105357008,1.9270310535701007
727,"Tree Feature
Importance Matching
",10.0,9.857501774019749,1.424982259802512
728,"Tree Feature
Importance Matching
",9.999999999999996,8.69549991303452,13.045000869654757
729,"Tree Feature
Importance Matching
",10.0,9.575533164756003,4.244668352439973
730,"Tree Feature
Importance Matching
",10.0,9.857334468829542,1.4266553117045788
731,"Tree Feature
Importance Matching
",10.0,9.88802445541229,1.119755445877093
732,"Tree Feature
Importance Matching
",10.000000000000002,9.575533164755957,4.244668352440453
733,"Tree Feature
Importance Matching
",10.0,10.927772484418815,9.277724844188153
734,"Tree Feature
Importance Matching
",10.0,9.68673535158574,3.1326464841425943
735,"Tree Feature
Importance Matching
",9.999999999999998,9.569476806078661,4.3052319392133676
736,"Tree Feature
Importance Matching
",10.0,11.7396486896202,17.396486896202
737,"Tree Feature
Importance Matching
",10.0,9.776297803982507,2.237021960174932
738,"Tree Feature
Importance Matching
",10.000000000000007,10.020738869774544,0.20738869774536542
739,"Tree Feature
Importance Matching
",10.0,9.63726895755179,3.6273104244821037
740,"Tree Feature
Importance Matching
",10.0,12.346831305375954,23.468313053759537
741,"Tree Feature
Importance Matching
",10.0,9.857501774020104,1.4249822597989592
742,"Tree Feature
Importance Matching
",10.0,8.694876581827241,13.051234181727587
743,"Tree Feature
Importance Matching
",10.0,6.673195360265478,33.26804639734522
744,"Tree Feature
Importance Matching
",10.0,10.200230624975962,2.00230624975962
745,"Tree Feature
Importance Matching
",10.0,8.056962496084548,19.43037503915452
746,"Tree Feature
Importance Matching
",10.0,10.455674097283936,4.556740972839357
747,"Tree Feature
Importance Matching
",10.0,9.87329611992002,1.2670388007997957
748,"Tree Feature
Importance Matching
",10.0,11.495097176735158,14.950971767351575
749,"Tree Feature
Importance Matching
",10.0,10.076693984415822,0.7669398441582231
750,"Tree Feature
Importance Matching
",9.999999999999998,9.47363318821554,5.263668117844578
751,"Tree Feature
Importance Matching
",10.0,9.425427380332104,5.745726196678955
752,"Tree Feature
Importance Matching
",10.0,8.258687828035306,17.413121719646938
753,"Tree Feature
Importance Matching
",10.0,9.713553180884809,2.8644681911519143
754,"Tree Feature
Importance Matching
",10.0,11.398746739589876,13.987467395898765
755,"Tree Feature
Importance Matching
",10.000000000000007,8.825855924110538,11.74144075889469
756,"Tree Feature
Importance Matching
",10.0,9.316908298375077,6.830917016249227
757,"Tree Feature
Importance Matching
",10.0,8.694876581827149,13.05123418172851
758,"Tree Feature
Importance Matching
",10.0,11.614648465898446,16.14648465898446
759,"Tree Feature
Importance Matching
",10.0,8.642257185354705,13.577428146452952
760,"Tree Feature
Importance Matching
",10.0,9.021615314318854,9.783846856811458
761,"Tree Feature
Importance Matching
",10.0,9.554973871633086,4.450261283669139
762,"Tree Feature
Importance Matching
",10.0,9.38985257372562,6.101474262743807
763,"Tree Feature
Importance Matching
",10.0,9.543384579096841,4.566154209031588
764,"Tree Feature
Importance Matching
",10.0,9.545961556799057,4.540384432009432
765,"Tree Feature
Importance Matching
",10.0,6.535098835262975,34.64901164737025
766,"Tree Feature
Importance Matching
",10.0,9.857501774020015,1.4249822597998474
767,"Tree Feature
Importance Matching
",10.0,9.888024455412717,1.1197554458728298
768,"Tree Feature
Importance Matching
",10.0,11.495097176734351,14.95097176734351
769,"Tree Feature
Importance Matching
",10.0,11.814844017371058,18.148440173710583
770,"Tree Feature
Importance Matching
",10.000000000000002,9.569476806078958,4.305231939210437
771,"Tree Feature
Importance Matching
",9.999999999999996,12.127106370058726,21.2710637005873
772,"Tree Feature
Importance Matching
",10.0,9.33366871427269,6.663312857273099
773,"Tree Feature
Importance Matching
",10.0,9.6372689575512,3.627310424488002
774,"Tree Feature
Importance Matching
",10.0,10.38173882333028,3.8173882333028075
775,"Tree Feature
Importance Matching
",10.0,10.031182851949916,0.3118285194991621
776,"Tree Feature
Importance Matching
",10.0,9.413915123367786,5.860848766322135
777,"Tree Feature
Importance Matching
",10.0,9.68673535158609,3.132646484139094
778,"Tree Feature
Importance Matching
",10.0,11.126436740262573,11.26436740262573
779,"Tree Feature
Importance Matching
",10.0,9.32649776874665,6.735022312533498
780,"Tree Feature
Importance Matching
",10.0,10.919211727167976,9.192117271679763
781,"Tree Feature
Importance Matching
",10.0,8.807415860602152,11.92584139397848
782,"Tree Feature
Importance Matching
",10.0,8.33771789009257,16.6228210990743
783,"Tree Feature
Importance Matching
",10.0,8.914702819837444,10.852971801625557
784,"Tree Feature
Importance Matching
",10.000000000000007,8.490924554930384,15.090754450696231
785,"Tree Feature
Importance Matching
",10.0,9.788890446212566,2.1110955378743412
786,"Tree Feature
Importance Matching
",9.999999999999998,9.7289184595103,2.71081540489698
787,"Tree Feature
Importance Matching
",10.0,8.53649495496023,14.635050450397708
788,"Tree Feature
Importance Matching
",10.0,8.986582932699271,10.13417067300729
789,"Tree Feature
Importance Matching
",10.0,8.579698493317366,14.203015066826339
790,"Tree Feature
Importance Matching
",10.0,9.120136239944157,8.798637600558425
791,"Tree Feature
Importance Matching
",10.0,12.127106370059508,21.27106370059508
792,"Tree Feature
Importance Matching
",10.0,9.571557495435098,4.284425045649023
793,"Tree Feature
Importance Matching
",10.0,10.020738869774227,0.20738869774227453
794,"Tree Feature
Importance Matching
",10.0,9.857501774020186,1.424982259798142
795,"Tree Feature
Importance Matching
",10.0,7.026181699398613,29.73818300601387
796,"Tree Feature
Importance Matching
",10.0,9.50173491294526,4.982650870547403
797,"Tree Feature
Importance Matching
",10.0,11.025948560009542,10.259485600095424
798,"Tree Feature
Importance Matching
",10.000000000000004,11.707349186178222,17.073491861782184
799,"Tree Feature
Importance Matching
",10.0,9.481125166761455,5.188748332385451
800,"Tree Feature
Importance Matching
",10.0,11.70559588450567,17.055958845056693
801,"Tree Feature
Importance Matching
",10.0,8.425249232540915,15.747507674590846
802,"Tree Feature
Importance Matching
",10.0,8.754909409066968,12.450905909330316
803,"Tree Feature
Importance Matching
",10.0,10.059607051200077,0.5960705120007681
804,"Tree Feature
Importance Matching
",10.0,10.019322459544384,0.1932245954438372
805,"Tree Feature
Importance Matching
",10.0,9.967626757339417,0.32373242660582946
806,"Tree Feature
Importance Matching
",10.0,10.0001717608679,0.0017176086790016143
807,"Tree Feature
Importance Matching
",10.0,9.800939400927705,1.990605990722951
808,"Tree Feature
Importance Matching
",10.0,10.994797108309964,9.947971083099638
809,"Tree Feature
Importance Matching
",9.999999999999996,10.816489489531282,8.164894895312855
810,"Tree Feature
Importance Matching
",10.0,9.94565791701728,0.5434208298271948
811,"Tree Feature
Importance Matching
",10.0,10.263673551442208,2.6367355144220816
812,"Tree Feature
Importance Matching
",10.0,10.35377731739013,3.537773173901293
813,"Tree Feature
Importance Matching
",10.0,9.329214795971888,6.7078520402811215
814,"Tree Feature
Importance Matching
",9.999999999999993,9.521580881173598,4.7841911882639465
815,"Tree Feature
Importance Matching
",10.0,10.476003624918356,4.760036249183557
816,"Tree Feature
Importance Matching
",10.0,6.405630378618834,35.943696213811656
817,"Tree Feature
Importance Matching
",10.0,8.860874943567646,11.391250564323538
818,"Tree Feature
Importance Matching
",10.0,10.700231896796108,7.002318967961081
819,"Tree Feature
Importance Matching
",10.0,9.77629780398185,2.2370219601815045
820,"Tree Feature
Importance Matching
",10.0,9.707926917264032,2.9207308273596766
821,"Tree Feature
Importance Matching
",10.0,8.694876581827149,13.05123418172851
822,"Tree Feature
Importance Matching
",10.0,8.90329414106724,10.967058589327596
823,"Tree Feature
Importance Matching
",10.0,12.842841311088836,28.42841311088836
824,"Tree Feature
Importance Matching
",10.0,11.120884766549473,11.20884766549473
825,"Tree Feature
Importance Matching
",10.0,7.026181699398425,29.73818300601575
826,"Tree Feature
Importance Matching
",10.0,10.476003624918137,4.760036249181372
827,"Tree Feature
Importance Matching
",10.0,9.02161531431842,9.783846856815792
828,"Tree Feature
Importance Matching
",10.0,10.272643757545294,2.7264375754529446
829,"Tree Feature
Importance Matching
",10.0,9.637268957551061,3.627310424489387
830,"Tree Feature
Importance Matching
",10.0,10.301302260724137,3.0130226072413713
831,"Tree Feature
Importance Matching
",10.000000000000007,10.020738869774611,0.20738869774604038
832,"Tree Feature
Importance Matching
",10.0,8.820844492405147,11.79155507594853
833,"Tree Feature
Importance Matching
",10.0,8.858691754194542,11.413082458054582
834,"Tree Feature
Importance Matching
",10.0,10.01932245954493,0.19322459544930837
835,"Tree Feature
Importance Matching
",10.0,9.320687344841138,6.7931265515886174
836,"Tree Feature
Importance Matching
",10.0,10.621416858363057,6.2141685836305705
837,"Tree Feature
Importance Matching
",10.0,12.346831305375503,23.468313053755026
838,"Tree Feature
Importance Matching
",10.0,10.459964358556194,4.599643585561939
839,"Tree Feature
Importance Matching
",10.0,9.505412340272105,4.9458765972789465
840,"Tree Feature
Importance Matching
",10.0,8.973072644034392,10.269273559656078
841,"Tree Feature
Importance Matching
",10.0,9.042140324131886,9.578596758681144
842,"Tree Feature
Importance Matching
",10.0,8.579698493317355,14.203015066826447
843,"Tree Feature
Importance Matching
",10.0,8.914702819837224,10.85297180162776
844,"Tree Feature
Importance Matching
",10.0,9.813229995944468,1.8677000405553201
845,"Tree Feature
Importance Matching
",10.000000000000007,10.455674097284192,4.556740972841844
846,"Tree Feature
Importance Matching
",10.0,9.428828919196398,5.711710808036017
847,"Tree Feature
Importance Matching
",10.0,8.754909409066835,12.450905909331649
848,"Tree Feature
Importance Matching
",10.0,9.534422584225316,4.655774157746837
849,"Tree Feature
Importance Matching
",10.0,10.160602277223113,1.6060227722311284
850,"Tree Feature
Importance Matching
",10.000000000000007,10.413337471487377,4.133374714873703
851,"Tree Feature
Importance Matching
",10.0,10.580808102050241,5.808081020502414
852,"Tree Feature
Importance Matching
",10.0,8.694876581826957,13.051234181730429
853,"Tree Feature
Importance Matching
",10.0,10.192703105356042,1.9270310535604196
854,"Tree Feature
Importance Matching
",10.0,11.97229807249408,19.722980724940804
855,"Tree Feature
Importance Matching
",10.0,9.608817765735093,3.911822342649067
856,"Tree Feature
Importance Matching
",10.0,6.673195360266046,33.26804639733954
857,"Tree Feature
Importance Matching
",10.0,9.481125166760691,5.188748332393089
858,"Tree Feature
Importance Matching
",10.0,10.919211727167578,9.192117271675784
859,"Tree Feature
Importance Matching
",10.0,9.945657917017748,0.5434208298225229
860,"Tree Feature
Importance Matching
",10.0,7.281898814140877,27.181011858591226
861,"Tree Feature
Importance Matching
",10.0,10.381738823330497,3.8173882333049747
862,"Tree Feature
Importance Matching
",10.0,11.609533583510402,16.095335835104017
863,"Tree Feature
Importance Matching
",10.0,10.083821574507537,0.8382157450753703
864,"Tree Feature
Importance Matching
",10.0,9.80940181003018,1.9059818996982079
865,"Tree Feature
Importance Matching
",10.0,10.614790421929962,6.1479042192996225
866,"Tree Feature
Importance Matching
",10.0,10.908575182311978,9.085751823119779
867,"Tree Feature
Importance Matching
",10.0,10.553238059959039,5.53238059959039
868,"Tree Feature
Importance Matching
",10.000000000000007,9.044830475594152,9.551695244058553
869,"Tree Feature
Importance Matching
",10.0,9.686735351585714,3.1326464841428607
870,"Tree Feature
Importance Matching
",10.000000000000007,10.958192259852744,9.58192259852737
871,"Tree Feature
Importance Matching
",10.0,7.416585292868649,25.834147071313513
872,"Tree Feature
Importance Matching
",10.0,9.750727414199194,2.4927258580080647
873,"Tree Feature
Importance Matching
",9.999999999999998,9.178178903289506,8.21821096710492
874,"Tree Feature
Importance Matching
",10.0,9.344488967717242,6.555110322827584
875,"Tree Feature
Importance Matching
",10.0,9.34156985404567,6.584301459543304
876,"Tree Feature
Importance Matching
",10.0,8.885843531798038,11.14156468201962
877,"Tree Feature
Importance Matching
",10.000000000000002,9.94565791701804,0.5434208298196097
878,"Tree Feature
Importance Matching
",10.0,10.62141685836251,6.214168583625099
879,"Tree Feature
Importance Matching
",10.0,9.530406434571624,4.695935654283758
880,"Tree Feature
Importance Matching
",10.0,8.820844492405618,11.791555075943823
881,"Tree Feature
Importance Matching
",10.0,10.353777317390502,3.5377731739050233
882,"Tree Feature
Importance Matching
",10.0,9.6185054999784,3.814945000215993
883,"Tree Feature
Importance Matching
",9.999999999999996,11.126436740263237,11.26436740263241
884,"Tree Feature
Importance Matching
",10.0,11.292202338102186,12.922023381021857
885,"Tree Feature
Importance Matching
",9.999999999999998,10.074851459124806,0.7485145912480817
886,"Tree Feature
Importance Matching
",9.999999999999996,10.816489489530372,8.16489489530376
887,"Tree Feature
Importance Matching
",9.999999999999996,10.737704457093479,7.377044570934821
888,"Tree Feature
Importance Matching
",10.0,11.288538377980522,12.885383779805224
889,"Tree Feature
Importance Matching
",10.0,9.596917688739875,4.030823112601247
890,"Tree Feature
Importance Matching
",10.0,9.201871905024962,7.981280949750377
891,"Tree Feature
Importance Matching
",10.0,9.520325484005884,4.79674515994116
892,"Tree Feature
Importance Matching
",10.0,9.267732898522535,7.322671014774648
893,"Tree Feature
Importance Matching
",10.0,9.120136239943623,8.798637600563772
894,"Tree Feature
Importance Matching
",10.0,10.115663275727572,1.1566327572757196
895,"Tree Feature
Importance Matching
",10.0,9.538716816158624,4.612831838413758
896,"Tree Feature
Importance Matching
",10.0,8.963934729759092,10.360652702409077
897,"Tree Feature
Importance Matching
",10.0,9.85477787971588,1.4522212028412085
898,"Tree Feature
Importance Matching
",10.0,8.30217764681205,16.978223531879504
899,"Tree Feature
Importance Matching
",10.0,9.102036781016574,8.979632189834259
900,"Tree Feature
Importance Matching
",10.0,10.019322459544128,0.19322459544127923
901,"Tree Feature
Importance Matching
",10.0,10.115066594845622,1.150665948456222
902,"Tree Feature
Importance Matching
",10.0,10.697154512221044,6.971545122210436
903,"Tree Feature
Importance Matching
",10.0,10.612874472880769,6.128744728807689
904,"Tree Feature
Importance Matching
",10.0,8.82585592411096,11.741440758890391
905,"Tree Feature
Importance Matching
",10.0,11.972298072493762,19.722980724937624
906,"Tree Feature
Importance Matching
",10.000000000000007,9.983685958336839,0.1631404166316841
907,"Tree Feature
Importance Matching
",10.0,9.982288930013457,0.17711069986543038
908,"Tree Feature
Importance Matching
",10.0,8.718777771218129,12.812222287818715
909,"Tree Feature
Importance Matching
",10.0,10.02073886977438,0.2073886977438022
910,"Tree Feature
Importance Matching
",9.999999999999993,11.534368298050971,15.343682980509781
911,"Tree Feature
Importance Matching
",10.0,10.612874472881597,6.128744728815967
912,"Tree Feature
Importance Matching
",10.0,9.857501774019507,1.4249822598049278
913,"Tree Feature
Importance Matching
",10.0,8.549197790572016,14.508022094279838
914,"Tree Feature
Importance Matching
",10.0,9.328180100081184,6.71819899918816
915,"Tree Feature
Importance Matching
",10.0,9.120136239943847,8.798637600561534
916,"Tree Feature
Importance Matching
",10.000000000000002,9.411437063034608,5.8856293696539375
917,"Tree Feature
Importance Matching
",10.0,10.345857756603598,3.4585775660359808
918,"Tree Feature
Importance Matching
",10.0,8.695499913035235,13.045000869647652
919,"Tree Feature
Importance Matching
",10.000000000000002,9.676330837232282,3.2366916276771995
920,"Tree Feature
Importance Matching
",10.000000000000002,8.842929663231297,11.570703367687045
921,"Tree Feature
Importance Matching
",10.0,9.92291375797878,0.7708624202122039
922,"Tree Feature
Importance Matching
",10.0,9.481125166761597,5.18874833238403
923,"Tree Feature
Importance Matching
",10.0,10.5692203136852,5.692203136852001
924,"Tree Feature
Importance Matching
",10.0,9.647577027738155,3.524229722618451
925,"Tree Feature
Importance Matching
",10.0,8.955818816784944,10.441811832150556
926,"Tree Feature
Importance Matching
",10.0,8.820844492405381,11.791555075946185
927,"Tree Feature
Importance Matching
",10.0,11.70559588450535,17.055958845053496
928,"Tree Feature
Importance Matching
",10.0,10.457356442276852,4.5735644227685235
929,"Tree Feature
Importance Matching
",10.0,9.33366871427178,6.663312857282193
930,"Tree Feature
Importance Matching
",10.0,10.982621832962892,9.826218329628915
931,"Tree Feature
Importance Matching
",10.0,11.117887336042035,11.178873360420347
932,"Tree Feature
Importance Matching
",9.999999999999998,9.807911371012192,1.9208862898780588
933,"Tree Feature
Importance Matching
",10.0,7.586092573923942,24.13907426076058
934,"Tree Feature
Importance Matching
",10.0,9.814991241497378,1.8500875850262233
935,"Tree Feature
Importance Matching
",10.0,8.30454698775117,16.9545301224883
936,"Tree Feature
Importance Matching
",10.0,9.250564489909278,7.494355100907217
937,"Tree Feature
Importance Matching
",10.0,11.02755884228673,10.275588422867301
938,"Tree Feature
Importance Matching
",10.0,10.352618069781508,3.5261806978150823
939,"Tree Feature
Importance Matching
",10.0,10.019322459545299,0.19322459545298543
940,"Tree Feature
Importance Matching
",10.0,10.919211727168744,9.192117271687437
941,"Tree Feature
Importance Matching
",10.0,10.515909970964163,5.15909970964163
942,"Tree Feature
Importance Matching
",10.0,10.893833799824026,8.938337998240264
943,"Tree Feature
Importance Matching
",10.0,9.540641964709222,4.593580352907782
944,"Tree Feature
Importance Matching
",10.0,8.89686028429647,11.031397157035308
945,"Tree Feature
Importance Matching
",10.0,9.718354075912213,2.816459240877869
946,"Tree Feature
Importance Matching
",10.0,9.873296119920354,1.2670388007964561
947,"Tree Feature
Importance Matching
",10.0,9.54338457909757,4.566154209024305
948,"Tree Feature
Importance Matching
",10.0,8.820844492405588,11.791555075944125
949,"Tree Feature
Importance Matching
",10.0,9.780311382002733,2.1968861799726724
950,"Tree Feature
Importance Matching
",10.000000000000004,9.333668714272196,6.663312857278073
951,"Tree Feature
Importance Matching
",10.0,9.857501774018978,1.4249822598102213
952,"Tree Feature
Importance Matching
",10.0,9.637268957551523,3.6273104244847683
953,"Tree Feature
Importance Matching
",10.0,10.2891735991451,2.8917359914509966
954,"Tree Feature
Importance Matching
",10.0,6.673195360265677,33.268046397343234
955,"Tree Feature
Importance Matching
",10.0,10.07485145912513,0.7485145912512969
956,"Tree Feature
Importance Matching
",10.0,9.320687344841273,6.7931265515872665
957,"Tree Feature
Importance Matching
",10.0,9.713553180885022,2.8644681911497827
958,"Tree Feature
Importance Matching
",10.0,9.379359976266958,6.206400237330421
959,"Tree Feature
Importance Matching
",10.000000000000007,10.413337471487054,4.13337471487047
960,"Tree Feature
Importance Matching
",10.0,9.666850008959415,3.331499910405853
961,"Tree Feature
Importance Matching
",10.0,10.263673551442787,2.6367355144278726
962,"Tree Feature
Importance Matching
",10.0,9.521580881172891,4.7841911882710875
963,"Tree Feature
Importance Matching
",10.0,9.554973871632653,4.450261283673473
964,"Tree Feature
Importance Matching
",10.0,8.794652672591123,12.053473274088766
965,"Tree Feature
Importance Matching
",9.999999999999998,9.344488967717709,6.555110322822895
966,"Tree Feature
Importance Matching
",10.0,9.481125166761316,5.188748332386837
967,"Tree Feature
Importance Matching
",10.0,8.820844492404998,11.791555075950022
968,"Tree Feature
Importance Matching
",10.0,10.893833799823257,8.938337998232573
969,"Tree Feature
Importance Matching
",9.999999999999993,8.813695731297486,11.863042687025072
970,"Tree Feature
Importance Matching
",10.0,10.37840482591557,3.7840482591557034
971,"Tree Feature
Importance Matching
",10.0,6.673195360265726,33.26804639734274
972,"Tree Feature
Importance Matching
",10.0,5.474485882326519,45.25514117673481
973,"Tree Feature
Importance Matching
",10.0,10.12868879004765,1.2868879004765077
974,"Tree Feature
Importance Matching
",10.0,9.857501774019813,1.4249822598018724
975,"Tree Feature
Importance Matching
",10.0,10.24373783573859,2.4373783573859065
976,"Tree Feature
Importance Matching
",10.0,9.522075065391466,4.779249346085344
977,"Tree Feature
Importance Matching
",10.0,10.353777317390502,3.5377731739050233
978,"Tree Feature
Importance Matching
",9.999999999999998,9.7289184595103,2.71081540489698
979,"Tree Feature
Importance Matching
",10.0,9.563699746464177,4.363002535358227
980,"Tree Feature
Importance Matching
",10.0,10.381738823330458,3.817388233304584
981,"Tree Feature
Importance Matching
",10.0,10.272643757545426,2.726437575454259
982,"Tree Feature
Importance Matching
",10.0,9.053706717628286,9.462932823717143
983,"Tree Feature
Importance Matching
",10.0,9.130005745170095,8.699942548299049
984,"Tree Feature
Importance Matching
",10.0,10.381738823330846,3.817388233308457
985,"Tree Feature
Importance Matching
",10.0,9.686735351585021,3.1326464841497885
986,"Tree Feature
Importance Matching
",10.000000000000007,9.044830475594152,9.551695244058553
987,"Tree Feature
Importance Matching
",10.0,9.648658025449485,3.513419745505146
988,"Tree Feature
Importance Matching
",10.0,10.476003624918228,4.760036249182278
989,"Tree Feature
Importance Matching
",9.999999999999996,10.816489489530731,8.164894895307349
990,"Tree Feature
Importance Matching
",10.0,8.69487658182701,13.051234181729896
991,"Tree Feature
Importance Matching
",9.999999999999998,8.794652672591308,12.053473274086901
992,"Tree Feature
Importance Matching
",9.999999999999996,10.067009709746598,0.6700970974660159
993,"Tree Feature
Importance Matching
",10.0,10.128688790048066,1.2868879004806644
994,"Tree Feature
Importance Matching
",10.0,10.580808102049815,5.80808102049815
995,"Tree Feature
Importance Matching
",10.0,8.549197790572151,14.50802209427849
996,"Tree Feature
Importance Matching
",10.0,10.160602277223578,1.6060227722357823
997,"Tree Feature
Importance Matching
",10.0,7.281898814141005,27.181011858589947
998,"Tree Feature
Importance Matching
",10.0,10.067009709745577,0.6700970974557663
999,"Tree Feature
Importance Matching
",9.999999999999998,9.569476806079836,4.305231939201626
